phenotype	category
afus_dora_10_runs_around_alot	Eating Behavior
afus_dora_11_interested_eating_after_meal	Eating Behavior
afus_dora_12_slow_eater	Eating Behavior
afus_dora_13_eats_treats_quickly	Eating Behavior
afus_dora_14_human_food_during_meals	Eating Behavior
afus_dora_15_eat_anything	Eating Behavior
afus_dora_16_very_fit	Eating Behavior
afus_dora_17_human_food_often	Eating Behavior
afus_dora_18_upset_stomach_some_foods	Eating Behavior
afus_dora_19_should_lose_weight	Eating Behavior
afus_dora_1_excited_food	Eating Behavior
afus_dora_20_most_walks_on_leash	Eating Behavior
afus_dora_22_diet_to_control_weight	Eating Behavior
afus_dora_23_hungry_all_time	Eating Behavior
afus_dora_24_walks_high_energy	Eating Behavior
afus_dora_25_careful_dogs_weight	Eating Behavior
afus_dora_26_sensitive_stomach	Eating Behavior
afus_dora_27_very_greedy	Eating Behavior
afus_dora_28_vet_often_for_health_problems	Eating Behavior
afus_dora_29_happy_dogs_weight	Eating Behavior
afus_dora_2_most_walks_off_leash	Eating Behavior
afus_dora_30_measure_dogs_food	Eating Behavior
afus_dora_31_regulate_exercise_for_weight	Eating Behavior
afus_dora_32_gets_lots_of_exercise	Eating Behavior
afus_dora_33_upset_stomach_often	Eating Behavior
afus_dora_34_no_human_food_during_meals	Eating Behavior
afus_dora_35_eat_non_food_objects	Eating Behavior
afus_dora_3_human_leftovers_in_bowl	Eating Behavior
afus_dora_4_waits_for_scraps	Eating Behavior
afus_dora_5_choosy_treats	Eating Behavior
afus_dora_6_waits_during_food_prep	Eating Behavior
afus_dora_7_turns_down_food	Eating Behavior
afus_dora_8_finishes_meal_quickly	Eating Behavior
afus_dora_9_inspects_unfamilar_foods	Eating Behavior
afus_mdors_10_get_through_tough_times	Dog Owner Relationship
afus_mdors_11_dog_for_comfort	Dog Owner Relationship
afus_mdors_12_close_proximity	Dog Owner Relationship
afus_mdors_13_constant_companionship	Dog Owner Relationship
afus_mdors_14_there_for_me	Dog Owner Relationship
afus_mdors_15_reason_to_get_up	Dog Owner Relationship
afus_mdors_16_never_apart	Dog Owner Relationship
afus_mdors_17_constantly_attentive	Dog Owner Relationship
afus_mdors_18_share_secrets	Dog Owner Relationship
afus_mdors_19_trauma_of_death	Dog Owner Relationship
afus_mdors_1_play_games	Dog Owner Relationship
afus_mdors_20_care_is_chore	Dog Owner Relationship
afus_mdors_21_interferes_with_activities	Dog Owner Relationship
afus_mdors_23_annoying_to_change_plans	Dog Owner Relationship
afus_mdors_24_stopped_enjoyable_activities	Dog Owner Relationship
afus_mdors_25_dont_like_ownership	Dog Owner Relationship
afus_mdors_26_makes_mess	Dog Owner Relationship
afus_mdors_27_costs_money	Dog Owner Relationship
afus_mdors_28_hard_to_care_for	Dog Owner Relationship
afus_mdors_2_treats	Dog Owner Relationship
afus_mdors_3_kiss	Dog Owner Relationship
afus_mdors_4_dog_in_car	Dog Owner Relationship
afus_mdors_7_grooming_frequency	Dog Owner Relationship
afus_mdors_8_visiting_other_people	Dog Owner Relationship
afus_mdors_9_buy_presents	Dog Owner Relationship
cslb_active_6mo	Canine Social and Learned Behavior
cslb_avoid	Canine Social and Learned Behavior
cslb_find_food	Canine Social and Learned Behavior
cslb_pace	Canine Social and Learned Behavior
db_aggression_level_delivery_workers_at_home	Dog Behavior
db_aggression_level_familiar_dog_while_eating	Dog Behavior
db_aggression_level_familiar_dog_while_playing	Dog Behavior
db_aggression_level_on_leash_unknown_dog	Dog Behavior
db_aggression_level_on_leash_unknown_human	Dog Behavior
db_aggression_level_unknown_aggressive_dog	Dog Behavior
db_aggression_level_unknown_human_near_yard	Dog Behavior
db_attention_seeking_follows_humans_frequency	Dog Behavior
db_attention_seeking_sits_close_to_humans_frequency	Dog Behavior
db_barks_frequency	Dog Behavior
db_chases_birds_frequency	Dog Behavior
db_chases_squirrels_frequency	Dog Behavior
db_chases_tail_frequency	Dog Behavior
db_chews_inappropriate_objects_frequency	Dog Behavior
db_energetic_frequency	Dog Behavior
db_escapes_home_or_property_frequency	Dog Behavior
db_excitement_level_before_car_ride	Dog Behavior
db_excitement_level_before_walk	Dog Behavior
db_fear_level_bathed_at_home	Dog Behavior
db_fear_level_loud_noises	Dog Behavior
db_fear_level_nails_clipped_at_home	Dog Behavior
db_fear_level_unknown_aggressive_dog	Dog Behavior
db_fear_level_unknown_dogs	Dog Behavior
db_fear_level_unknown_human_away_from_home	Dog Behavior
db_fear_level_unknown_human_touch	Dog Behavior
db_fear_level_unknown_objects_outside	Dog Behavior
db_fear_level_unknown_situations	Dog Behavior
db_hyperactive_frequency	Dog Behavior
db_left_alone_barking_frequency	Dog Behavior
db_left_alone_restlessness_frequency	Dog Behavior
db_left_alone_scratching_frequency	Dog Behavior
db_playful_frequency	Dog Behavior
db_pulls_leash_frequency	Dog Behavior
db_training_distraction_frequency	Dog Behavior
db_training_obeys_sit_command_frequency	Dog Behavior
db_training_obeys_stay_command_frequency	Dog Behavior
de_air_cleaner_present	Dog Environment
de_air_freshener_present	Dog Environment
de_drinks_outdoor_water	Dog Environment
de_drinks_outdoor_water_frequency	Dog Environment
de_eats_feces	Dog Environment
de_eats_grass_frequency	Dog Environment
de_gas_fireplace_present	Dog Environment
de_hepa_present	Dog Environment
de_incense_present	Dog Environment
de_interacts_with_neighborhood_animals	Dog Environment
de_interacts_with_neighborhood_humans	Dog Environment
de_licks_chews_or_plays_with_non_toys	Dog Environment
de_recent_toxins_or_hazards_ingested_frequency	Dog Environment
de_wood_fireplace_present	Dog Environment
df_appetite	Diet
df_daily_supplements	Diet
df_ever_overweight	Diet
df_feedings_per_day	Diet
df_secondary_diet_component_used	Diet
df_treats_frequency	Diet
hs_chronic_condition_present	Health Status
hs_chronic_condition_recently_changed_or_treated	Health Status
hs_general_health	Health Status
hs_new_condition_diagnosed_last_month	Health Status
mp_dental_extraction	Medication and Preventatives
mp_dental_procedure_undergone	Medication and Preventatives
pa_activity_level	Physical Activity
pa_avg_activity_intensity	Physical Activity
pa_avg_daily_active_hours	Physical Activity
pa_cold_weather_daily_hours_outside	Physical Activity
pa_hot_weather_daily_hours_outside	Physical Activity
pa_moderate_weather_daily_hours_outside	Physical Activity
pa_off_leash_walk_avg_hours	Physical Activity
pa_off_leash_walk_frequency	Physical Activity
pa_off_leash_walk_in_enclosed_area	Physical Activity
pa_off_leash_walk_in_open_area	Physical Activity
pa_off_leash_walk_returns_when_called_frequency	Physical Activity
pa_on_leash_walk_avg_hours	Physical Activity
pa_on_leash_walk_frequency	Physical Activity
pa_other_aerobic_activity_avg_hours	Physical Activity
pa_other_aerobic_activity_avg_intensity	Physical Activity
pa_other_aerobic_activity_frequency	Physical Activity
pa_physical_games_frequency	Physical Activity
pa_swim	Physical Activity
pa_swim_cold_weather_frequency	Physical Activity
pa_swim_hot_weather_frequency	Physical Activity
pa_swim_moderate_weather_frequency	Physical Activity
dd_weight_lbs	Dog Demographics
de_daytime_sleep_avg_hours	Dog Environment
de_nighttime_sleep_avg_hours	Dog Environment
pa_off_leash_walk_average_pace_pct	Physical Activity
pa_off_leash_walk_brisk_pace_pct	Physical Activity
pa_off_leash_walk_run_pace_pct	Physical Activity
pa_on_leash_walk_average_pace_pct	Physical Activity
pa_on_leash_walk_brisk_pace_pct	Physical Activity
1-Methylnicotinamide	Pyridine alkaloids
1-3-Methylhistidine	Amino acids and peptides
2-Aminoadipate	Amino acids and peptides
2-Deoxycytidine	Pyrimidines
2-Hydroxyglutarate	Fatty acids
2-Hydroxyisobutyrate-2-Hydroxybutyrate	Fatty acids
3-Hydroxyisovaleric-Acid	Fatty acids
3-Indoxyl-Sulfate	Tryptophan alkaloids
3-Methyl-3-Hydroxyglutaric-Acid	Fatty acids
3HBA	Fatty acids
4-Guanidinobutanoate	Amino acids and peptides
4-Hydroxybenzoic-Acid	Phenolic acids
5-Aminovaleric-Acid	Fatty acids
5-Methylcytidine	Pyrimidines
5-6-Dihydrouracil	Pyrimidines
7-Methylguanine	Purines
Acetylcarnitine	Fatty esters
Adenosine	Purines
Adenylosuccinate	Purines
Agmatine	Ornithine alkaloids
Alanine	Amino acids and peptides
Allantoin	Ureas
Alpha-Ketoglutaric-Acid	TCA acids
alpha-Tocopherol	Quinones and hydroquinones
Aminolevulinate	Fatty acids
Anserine	Amino acids and peptides
Arabitol-Xylitol	Monosaccharides
Arachidonate	Fatty acids
Arginine	Amino acids and peptides
Asparagine	Amino acids and peptides
Aspartic-Acid	Amino acids and peptides
Azelaic-Acid	Fatty acids
Betaine	Amino acids and peptides
Cadaverine	Fatty amines
Carnitine	Carnitines
Carnosine	Amino acids and peptides
Cholesteryl-Sulfate	Sterols
Choline	Cholines
Citraconic-Acid	Fatty acids
Citrulline	Amino acids and peptides
Creatine	Amino acids and peptides
Creatinine	Azoles
Cystathionine	Amino acids and peptides
Cystine	Amino acids and peptides
Cytidine	Pyrimidines
D-Leucic-Acid	Fatty acids
Deoxycarnitine	Fatty esters
Dimethylarginine-A-SDMA	Amino acids and peptides
Dimethylglycine	Amino acids and peptides
Epinephrine	Tyrosine alkaloids
Ethanolamine	Amines
Ethylmalonic-acid	Fatty acids
FAD	Flavins
G6P	Monosaccharides
gamma-Aminobutyrate	Fatty acids
Glucoronate	Monosaccharides
Glucose	Monosaccharides
Glutamic-acid	Amino acids and peptides
Glutamine	Amino acids and peptides
Glutaric-Acid	Fatty acids
Glutarylcarnitine	Fatty esters
Glyceraldehyde	Monosaccharides
Glycerol-3-P	Organic phosphoric acids
Glycerophosphocholine	Organic phosphoric acids
Glycine	Amino acids and peptides
Guanidinoacetate	Amino acids and peptides
Histidine	Amino acids and peptides
Homoarginine	Amino acids and peptides
Homocitrulline	Amino acids and peptides
Hydroxyproline	Amino acids and peptides
Hypotaurine	Sulfinic acids
Hypoxanthine	Purines
Imidazole-Propionate	Histidine alkaloids
Indole-3-Acetic-Acid	Tryptophan alkaloids
Indole-3-Lactate	Tryptophan alkaloids
Indole-3-Propionate	Tryptophan alkaloids
Inositol	Alcohols and polyols
iso-Leucine--allo-isoLeucine	Unclassified Metabolite
isoValerylcarnitine	Fatty esters
Kynurenic-Acid	Anthranilic acid alkaloids
L-Kynurenine	Amino acids and peptides
Lactate	Short-chain acids
Leucine--D-Norleucine	Amino acids and peptides
Linoleic-Acid	Fatty acids
Linolenic-Acid	Fatty acids
Lysine	Amino acids and peptides
Maleic-Acid	Fatty acids
Margaric-Acid	Fatty acids
Methionine	Amino acids and peptides
Methionine-Sulfoxide	Amino acids and peptides
N2-N2-Dimethylguanosine	Purines
N6-Acetyl-Lysine	Amino acids and peptides
N6-Trimethyllysine	Amino acids and peptides
N-Ac-Alanine	Amino acids and peptides
N-Ac-Glutamate	Amino acids and peptides
N-Ac-L-Glutamine	Amino acids and peptides
N-Ac-Phenylalanine	Amino acids and peptides
N-Ac-Tryptophan	Unclassified Metabolite
N-Acetyl-Aspartate-NAA	Amino acids and peptides
N-AcetylGlycine	Amino acids and peptides
N-Acetylneuraminate	Monosaccharides
N-Carbamoyl-B-Alanine	Organic carbonic acids
n-Formylmethionine	Amino acids and peptides
Ornithine	Amino acids and peptides
Orotate	Pyrimidines
Oxalacetate	TCA acids
Oxidized-Glutathione	Amino acids and peptides
Palmitic-Acid	Fatty acids
Pantothenate	Amino acids and peptides
Phenylacetylglutamine	Amino acids and peptides
Phenylalanine	Amino acids and peptides
Phenyllactic-Acid	Phenylpropanoids
PPA	Phenylpropanoids
Proline	Amino acids and peptides
Pseudouridine	Pyrimidines
Pyroglutamic-Acid	Amino acids and peptides
Pyruvate	Short-chain acids
Reduced-Glutathione	Amino acids and peptides
Riboflavin	Alloxazines and isoalloxazines
S-Methylcysteine	Amino acids and peptides
SAH	Purines
Sarcosine	Amino acids and peptides
Serine	Amino acids and peptides
Suberic-Acid	Fatty acids
Succinate	TCA acids
Succinylcarnitine	Fatty esters
Taurine	Sulfonic acids
Thiamine	Pyrimidines
Threonine	Amino acids and peptides
Trigonelline	Pyridine alkaloids
Trimethylamine-N-Oxide-TMAO	Amine oxides
Tryptophan	Amino acids and peptides
Tyrosine	Amino acids and peptides
Uracil	Pyrimidines
Urate	Purines
Valine	Amino acids and peptides
Xanthine	Purines
