phenotype	pheweb_phenotype_name	pheweb_phenotype_category	sample_size
afus_dora_1_excited_food	afus_dora_1_excited_food	Eating Behavior	4789
afus_dora_10_runs_around_alot	afus_dora_10_runs_around_alot	Eating Behavior	4789
afus_dora_11_interested_eating_after_meal	afus_dora_11_interested_eating_after_meal	Eating Behavior	4789
afus_dora_12_slow_eater	afus_dora_12_slow_eater	Eating Behavior	4789
afus_dora_13_eats_treats_quickly	afus_dora_13_eats_treats_quickly	Eating Behavior	4789
afus_dora_14_human_food_during_meals	afus_dora_14_human_food_during_meals	Eating Behavior	4789
afus_dora_15_eat_anything	afus_dora_15_eat_anything	Eating Behavior	4789
afus_dora_16_very_fit	afus_dora_16_very_fit	Eating Behavior	4789
afus_dora_17_human_food_often	afus_dora_17_human_food_often	Eating Behavior	4789
afus_dora_18_upset_stomach_some_foods	afus_dora_18_upset_stomach_some_foods	Eating Behavior	4789
afus_dora_19_should_lose_weight	afus_dora_19_should_lose_weight	Eating Behavior	4789
afus_dora_2_most_walks_off_leash	afus_dora_2_most_walks_off_leash	Eating Behavior	4789
afus_dora_20_most_walks_on_leash	afus_dora_20_most_walks_on_leash	Eating Behavior	4789
afus_dora_22_diet_to_control_weight	afus_dora_22_diet_to_control_weight	Eating Behavior	4789
afus_dora_23_hungry_all_time	afus_dora_23_hungry_all_time	Eating Behavior	4789
afus_dora_24_walks_high_energy	afus_dora_24_walks_high_energy	Eating Behavior	4789
afus_dora_25_careful_dogs_weight	afus_dora_25_careful_dogs_weight	Eating Behavior	4789
afus_dora_26_sensitive_stomach	afus_dora_26_sensitive_stomach	Eating Behavior	4789
afus_dora_27_very_greedy	afus_dora_27_very_greedy	Eating Behavior	4789
afus_dora_28_vet_often_for_health_problems	afus_dora_28_vet_often_for_health_problems	Eating Behavior	4789
afus_dora_29_happy_dogs_weight	afus_dora_29_happy_dogs_weight	Eating Behavior	4789
afus_dora_3_human_leftovers_in_bowl	afus_dora_3_human_leftovers_in_bowl	Eating Behavior	4789
afus_dora_30_measure_dogs_food	afus_dora_30_measure_dogs_food	Eating Behavior	4789
afus_dora_31_regulate_exercise_for_weight	afus_dora_31_regulate_exercise_for_weight	Eating Behavior	4789
afus_dora_32_gets_lots_of_exercise	afus_dora_32_gets_lots_of_exercise	Eating Behavior	4789
afus_dora_33_upset_stomach_often	afus_dora_33_upset_stomach_often	Eating Behavior	4789
afus_dora_34_no_human_food_during_meals	afus_dora_34_no_human_food_during_meals	Eating Behavior	4789
afus_dora_35_eat_non_food_objects	afus_dora_35_eat_non_food_objects	Eating Behavior	4789
afus_dora_4_waits_for_scraps	afus_dora_4_waits_for_scraps	Eating Behavior	4789
afus_dora_5_choosy_treats	afus_dora_5_choosy_treats	Eating Behavior	4789
afus_dora_6_waits_during_food_prep	afus_dora_6_waits_during_food_prep	Eating Behavior	4789
afus_dora_7_turns_down_food	afus_dora_7_turns_down_food	Eating Behavior	4789
afus_dora_8_finishes_meal_quickly	afus_dora_8_finishes_meal_quickly	Eating Behavior	4789
afus_dora_9_inspects_unfamilar_foods	afus_dora_9_inspects_unfamilar_foods	Eating Behavior	4789
afus_mdors_1_play_games	afus_mdors_1_play_games	Dog Owner Relationship	4789
afus_mdors_10_get_through_tough_times	afus_mdors_10_get_through_tough_times	Dog Owner Relationship	4789
afus_mdors_11_dog_for_comfort	afus_mdors_11_dog_for_comfort	Dog Owner Relationship	4789
afus_mdors_12_close_proximity	afus_mdors_12_close_proximity	Dog Owner Relationship	4789
afus_mdors_13_constant_companionship	afus_mdors_13_constant_companionship	Dog Owner Relationship	4789
afus_mdors_14_there_for_me	afus_mdors_14_there_for_me	Dog Owner Relationship	4789
afus_mdors_15_reason_to_get_up	afus_mdors_15_reason_to_get_up	Dog Owner Relationship	4789
afus_mdors_16_never_apart	afus_mdors_16_never_apart	Dog Owner Relationship	4789
afus_mdors_17_constantly_attentive	afus_mdors_17_constantly_attentive	Dog Owner Relationship	4789
afus_mdors_18_share_secrets	afus_mdors_18_share_secrets	Dog Owner Relationship	4789
afus_mdors_19_trauma_of_death	afus_mdors_19_trauma_of_death	Dog Owner Relationship	4789
afus_mdors_2_treats	afus_mdors_2_treats	Dog Owner Relationship	4789
afus_mdors_20_care_is_chore	afus_mdors_20_care_is_chore	Dog Owner Relationship	4789
afus_mdors_21_interferes_with_activities	afus_mdors_21_interferes_with_activities	Dog Owner Relationship	4789
afus_mdors_23_annoying_to_change_plans	afus_mdors_23_annoying_to_change_plans	Dog Owner Relationship	4789
afus_mdors_24_stopped_enjoyable_activities	afus_mdors_24_stopped_enjoyable_activities	Dog Owner Relationship	4789
afus_mdors_25_dont_like_ownership	afus_mdors_25_dont_like_ownership	Dog Owner Relationship	4789
afus_mdors_26_makes_mess	afus_mdors_26_makes_mess	Dog Owner Relationship	4789
afus_mdors_27_costs_money	afus_mdors_27_costs_money	Dog Owner Relationship	4789
afus_mdors_28_hard_to_care_for	afus_mdors_28_hard_to_care_for	Dog Owner Relationship	4789
afus_mdors_3_kiss	afus_mdors_3_kiss	Dog Owner Relationship	4789
afus_mdors_4_dog_in_car	afus_mdors_4_dog_in_car	Dog Owner Relationship	4789
afus_mdors_7_grooming_frequency	afus_mdors_7_grooming_frequency	Dog Owner Relationship	4789
afus_mdors_8_visiting_other_people	afus_mdors_8_visiting_other_people	Dog Owner Relationship	4789
afus_mdors_9_buy_presents	afus_mdors_9_buy_presents	Dog Owner Relationship	4789
cslb_active_6mo	cslb_active_6mo	Canine Social and Learned Behavior	6773
cslb_avoid	cslb_avoid	Canine Social and Learned Behavior	6773
cslb_find_food	cslb_find_food	Canine Social and Learned Behavior	6773
cslb_pace	cslb_pace	Canine Social and Learned Behavior	6773
db_aggression_level_delivery_workers_at_home	db_aggression_level_delivery_workers_at_home	Dog Behavior	7328
db_aggression_level_familiar_dog_while_eating	db_aggression_level_familiar_dog_while_eating	Dog Behavior	4692
db_aggression_level_familiar_dog_while_playing	db_aggression_level_familiar_dog_while_playing	Dog Behavior	4902
db_aggression_level_on_leash_unknown_dog	db_aggression_level_on_leash_unknown_dog	Dog Behavior	7310
db_aggression_level_on_leash_unknown_human	db_aggression_level_on_leash_unknown_human	Dog Behavior	7342
db_aggression_level_unknown_aggressive_dog	db_aggression_level_unknown_aggressive_dog	Dog Behavior	7219
db_aggression_level_unknown_human_near_yard	db_aggression_level_unknown_human_near_yard	Dog Behavior	7313
db_attention_seeking_follows_humans_frequency	db_attention_seeking_follows_humans_frequency	Dog Behavior	7365
db_attention_seeking_sits_close_to_humans_frequency	db_attention_seeking_sits_close_to_humans_frequency	Dog Behavior	7372
db_barks_frequency	db_barks_frequency	Dog Behavior	7370
db_chases_birds_frequency	db_chases_birds_frequency	Dog Behavior	7346
db_chases_squirrels_frequency	db_chases_squirrels_frequency	Dog Behavior	7313
db_chases_tail_frequency	db_chases_tail_frequency	Dog Behavior	7342
db_chews_inappropriate_objects_frequency	db_chews_inappropriate_objects_frequency	Dog Behavior	7350
db_energetic_frequency	db_energetic_frequency	Dog Behavior	7325
db_escapes_home_or_property_frequency	db_escapes_home_or_property_frequency	Dog Behavior	7299
db_excitement_level_before_car_ride	db_excitement_level_before_car_ride	Dog Behavior	7358
db_excitement_level_before_walk	db_excitement_level_before_walk	Dog Behavior	7355
db_fear_level_bathed_at_home	db_fear_level_bathed_at_home	Dog Behavior	7281
db_fear_level_loud_noises	db_fear_level_loud_noises	Dog Behavior	7352
db_fear_level_nails_clipped_at_home	db_fear_level_nails_clipped_at_home	Dog Behavior	6993
db_fear_level_unknown_aggressive_dog	db_fear_level_unknown_aggressive_dog	Dog Behavior	7210
db_fear_level_unknown_dogs	db_fear_level_unknown_dogs	Dog Behavior	7302
db_fear_level_unknown_human_away_from_home	db_fear_level_unknown_human_away_from_home	Dog Behavior	7324
db_fear_level_unknown_human_touch	db_fear_level_unknown_human_touch	Dog Behavior	7334
db_fear_level_unknown_objects_outside	db_fear_level_unknown_objects_outside	Dog Behavior	7338
db_fear_level_unknown_situations	db_fear_level_unknown_situations	Dog Behavior	7331
db_hyperactive_frequency	db_hyperactive_frequency	Dog Behavior	7343
db_left_alone_barking_frequency	db_left_alone_barking_frequency	Dog Behavior	7355
db_left_alone_restlessness_frequency	db_left_alone_restlessness_frequency	Dog Behavior	7310
db_left_alone_scratching_frequency	db_left_alone_scratching_frequency	Dog Behavior	7353
db_playful_frequency	db_playful_frequency	Dog Behavior	7362
db_pulls_leash_frequency	db_pulls_leash_frequency	Dog Behavior	7318
db_training_distraction_frequency	db_training_distraction_frequency	Dog Behavior	7370
db_training_obeys_sit_command_frequency	db_training_obeys_sit_command_frequency	Dog Behavior	7353
db_training_obeys_stay_command_frequency	db_training_obeys_stay_command_frequency	Dog Behavior	7302
dd_weight_lbs	dd_weight_lbs	Dog Demographics	7378
de_air_cleaner_present	de_air_cleaner_present	Dog Environment	7335
de_air_freshener_present	de_air_freshener_present	Dog Environment	7338
de_daytime_sleep_avg_hours	de_daytime_sleep_avg_hours	Dog Environment	6623
de_drinks_outdoor_water_frequency	de_drinks_outdoor_water_frequency	Dog Environment	7378
de_drinks_outdoor_water	de_drinks_outdoor_water	Dog Environment	7378
de_eats_feces	de_eats_feces	Dog Environment	7073
de_eats_grass_frequency	de_eats_grass_frequency	Dog Environment	7378
de_gas_fireplace_present	de_gas_fireplace_present	Dog Environment	7346
de_hepa_present	de_hepa_present	Dog Environment	7097
de_incense_present	de_incense_present	Dog Environment	7354
de_interacts_with_neighborhood_animals	de_interacts_with_neighborhood_animals	Dog Environment	7378
de_interacts_with_neighborhood_humans	de_interacts_with_neighborhood_humans	Dog Environment	7378
de_licks_chews_or_plays_with_non_toys	de_licks_chews_or_plays_with_non_toys	Dog Environment	7378
de_nighttime_sleep_avg_hours	de_nighttime_sleep_avg_hours	Dog Environment	7240
de_recent_toxins_or_hazards_ingested_frequency	de_recent_toxins_or_hazards_ingested_frequency	Dog Environment	7378
de_wood_fireplace_present	de_wood_fireplace_present	Dog Environment	7344
df_appetite	df_appetite	Diet	6965
df_daily_supplements	df_daily_supplements	Diet	6965
df_ever_overweight	df_ever_overweight	Diet	6660
df_feedings_per_day	df_feedings_per_day	Diet	6965
df_secondary_diet_component_used	df_secondary_diet_component_used	Diet	6965
df_treats_frequency	df_treats_frequency	Diet	6965
hs_chronic_condition_present	hs_chronic_condition_present	Health Status	7378
hs_chronic_condition_recently_changed_or_treated	hs_chronic_condition_recently_changed_or_treated	Health Status	1853
hs_general_health	hs_general_health	Health Status	7378
hs_new_condition_diagnosed_last_month	hs_new_condition_diagnosed_last_month	Health Status	855
mp_dental_extraction	mp_dental_extraction	Medication and Preventatives	1746
mp_dental_procedure_undergone	mp_dental_procedure_undergone	Medication and Preventatives	7378
pa_activity_level	pa_activity_level	Physical Activity	7378
pa_avg_activity_intensity	pa_avg_activity_intensity	Physical Activity	7378
pa_avg_daily_active_hours	pa_avg_daily_active_hours	Physical Activity	7378
pa_cold_weather_daily_hours_outside	pa_cold_weather_daily_hours_outside	Physical Activity	6334
pa_hot_weather_daily_hours_outside	pa_hot_weather_daily_hours_outside	Physical Activity	6877
pa_moderate_weather_daily_hours_outside	pa_moderate_weather_daily_hours_outside	Physical Activity	7377
pa_off_leash_walk_average_pace_pct	pa_off_leash_walk_average_pace_pct	Physical Activity	2975
pa_off_leash_walk_avg_hours	pa_off_leash_walk_avg_hours	Physical Activity	2975
pa_off_leash_walk_brisk_pace_pct	pa_off_leash_walk_brisk_pace_pct	Physical Activity	2975
pa_off_leash_walk_frequency	pa_off_leash_walk_frequency	Physical Activity	7378
pa_off_leash_walk_in_enclosed_area	pa_off_leash_walk_in_enclosed_area	Physical Activity	2975
pa_off_leash_walk_in_open_area	pa_off_leash_walk_in_open_area	Physical Activity	2975
pa_off_leash_walk_returns_when_called_frequency	pa_off_leash_walk_returns_when_called_frequency	Physical Activity	2975
pa_off_leash_walk_run_pace_pct	pa_off_leash_walk_run_pace_pct	Physical Activity	2975
pa_on_leash_walk_average_pace_pct	pa_on_leash_walk_average_pace_pct	Physical Activity	7110
pa_on_leash_walk_avg_hours	pa_on_leash_walk_avg_hours	Physical Activity	7110
pa_on_leash_walk_brisk_pace_pct	pa_on_leash_walk_brisk_pace_pct	Physical Activity	7110
pa_on_leash_walk_frequency	pa_on_leash_walk_frequency	Physical Activity	7378
pa_other_aerobic_activity_avg_hours	pa_other_aerobic_activity_avg_hours	Physical Activity	3614
pa_other_aerobic_activity_avg_intensity	pa_other_aerobic_activity_avg_intensity	Physical Activity	3614
pa_other_aerobic_activity_frequency	pa_other_aerobic_activity_frequency	Physical Activity	7378
pa_physical_games_frequency	pa_physical_games_frequency	Physical Activity	7378
pa_swim_cold_weather_frequency	pa_swim_cold_weather_frequency	Physical Activity	1920
pa_swim_hot_weather_frequency	pa_swim_hot_weather_frequency	Physical Activity	2005
pa_swim_moderate_weather_frequency	pa_swim_moderate_weather_frequency	Physical Activity	2325
pa_swim	pa_swim	Physical Activity	7378
krt_cbc_abs_eosinophils_sqrt_transformed	absolute_eosinophils	Complete Blood Count (CBC)	918
krt_cbc_abs_lymphocytes_sqrt_transformed	absolute_lymphocytes	Complete Blood Count (CBC)	918
krt_cbc_abs_monocytes_sqrt_transformed	absolute_monocytes	Complete Blood Count (CBC)	918
krt_cbc_abs_neutrophils_sqrt_transformed	absolute_neutrophils	Complete Blood Count (CBC)	918
krt_cbc_hct_sqrt_transformed	hematocrit	Complete Blood Count (CBC)	923
krt_cbc_hgb_sqrt_transformed	hemoglobin	Complete Blood Count (CBC)	923
krt_cbc_mch_sqrt_transformed	mean_corpuscular_hemoglobin	Complete Blood Count (CBC)	923
krt_cbc_mchc_sqrt_transformed	mean_corpuscular_hemoglobin_concentration	Complete Blood Count (CBC)	923
krt_cbc_mcv_sqrt_transformed	mean_corpuscular_volume	Complete Blood Count (CBC)	923
krt_cbc_mpv_sqrt_transformed	mean_platelet_volume	Complete Blood Count (CBC)	919
krt_cbc_pct_sqrt_transformed	plateletcrit	Complete Blood Count (CBC)	919
krt_cbc_plt_sqrt_transformed	platelet	Complete Blood Count (CBC)	715
krt_cbc_rbc_sqrt_transformed	red_blood_cells	Complete Blood Count (CBC)	923
krt_cbc_rdw_sqrt_transformed	red_blood_cell_width_distribution	Complete Blood Count (CBC)	923
krt_cbc_rel_eosinophils_sqrt_transformed	relative_eosinophils	Complete Blood Count (CBC)	918
krt_cbc_rel_lymphocytes_sqrt_transformed	relative_lymphocytes	Complete Blood Count (CBC)	918
krt_cbc_rel_monocytes_sqrt_transformed	relative_monocytes	Complete Blood Count (CBC)	918
krt_cbc_rel_neutrophils_sqrt_transformed	relative_neutrophils	Complete Blood Count (CBC)	918
krt_cbc_retic_abs_sqrt_transformed	absolute_reticulocyte	Complete Blood Count (CBC)	922
krt_cbc_total_wbcs_sqrt_transformed	total_white_blood_cells	Complete Blood Count (CBC)	923
krt_cp_alb_glob_ratio_value_ln_transformed	albumin_globulin_ratio	Blood Chemistry Panel	953
krt_cp_albumin_value_ln_transformed	albumin	Blood Chemistry Panel	953
krt_cp_alkp_value_ln_transformed	alkaline_phosphatase	Blood Chemistry Panel	953
krt_cp_alt_value_ln_transformed	alanine_aminotransferase	Blood Chemistry Panel	953
krt_cp_amylase_value_ln_transformed	amylase	Blood Chemistry Panel	953
krt_cp_bilirubin_total_value_ln_transformed	total_bilirubin	Blood Chemistry Panel	953
krt_cp_bun_value_ln_transformed	blood_urea_nitrogen	Blood Chemistry Panel	953
krt_cp_chloride_value_ln_transformed	chloride	Blood Chemistry Panel	953
krt_cp_cholesterol_value_ln_transformed	cholesterol	Blood Chemistry Panel	953
krt_cp_creatinine_value_ln_transformed	creatinine	Blood Chemistry Panel	953
krt_cp_globulins_value_ln_transformed	globulins	Blood Chemistry Panel	953
krt_cp_magnesium_value_ln_transformed	magnesium	Blood Chemistry Panel	953
krt_cp_potassium_value_ln_transformed	potassium	Blood Chemistry Panel	953
krt_cp_sodium_value_ln_transformed	sodium	Blood Chemistry Panel	953
krt_cp_sp_ratio_value_ln_transformed	sodium_potassium_ratio	Blood Chemistry Panel	953
krt_cp_total_protein_value_ln_transformed	total_protein	Blood Chemistry Panel	953
1-3-Methylhistidine	1-3-Methylhistidine	Amino acids and peptides	924
1-Methylnicotinamide	1-Methylnicotinamide	Pyridine alkaloids	924
2-Aminoadipate	2-Aminoadipate	Amino acids and peptides	924
2-Hydroxyglutarate	2-Hydroxyglutarate	Fatty acids	924
2-Hydroxyisobutyrate-2-Hydroxybutyrate	2-Hydroxyisobutyrate-2-Hydroxybutyrate	Fatty acids	924
3-Hydroxyisovaleric-Acid	3-Hydroxyisovaleric-Acid	Fatty acids	924
3-Indoxyl-Sulfate	3-Indoxyl-Sulfate	Tryptophan alkaloids	924
3-Methyl-3-Hydroxyglutaric-Acid	3-Methyl-3-Hydroxyglutaric-Acid	Fatty acids	924
3HBA	3HBA	Fatty acids	924
5-Aminovaleric-Acid	5-Aminovaleric-Acid	Fatty acids	924
5-Methylcytidine	5-Methylcytidine	Pyrimidines	924
7-Methylguanine	7-Methylguanine	Purines	924
Acetylcarnitine	Acetylcarnitine	Fatty esters	924
Adenosine	Adenosine	Purines	924
Adenylosuccinate	Adenylosuccinate	Purines	924
Agmatine	Agmatine	Ornithine alkaloids	924
Alanine	Alanine	Amino acids and peptides	924
Allantoin	Allantoin	Cyclic ureas	924
Alpha-Ketoglutaric-Acid	Alpha-Ketoglutaric-Acid	TCA acids	924
alpha-Tocopherol	alpha-Tocopherol	Quinones and hydroquinones	924
Anserine	Anserine	Amino acids and peptides	924
Arachidonate	Arachidonate	Fatty acids	924
Arginine	Arginine	Amino acids and peptides	924
Asparagine	Asparagine	Amino acids and peptides	924
Aspartic-Acid	Aspartic-Acid	Amino acids and peptides	924
Betaine	Betaine	Amino acids and peptides	924
Cadaverine	Cadaverine	Fatty amines	924
Carnitine	Carnitine	Carnitines	924
Carnosine	Carnosine	Amino acids and peptides	924
Cholesteryl-Sulfate	Cholesteryl-Sulfate	Sterols	924
Choline	Choline	Cholines	924
Citrulline	Citrulline	Amino acids and peptides	924
Creatine	Creatine	Amino acids and peptides	924
Creatinine	Creatinine	Azoles	924
Cystathionine	Cystathionine	Amino acids and peptides	924
Cystine	Cystine	Amino acids and peptides	924
Cytidine	Cytidine	Pyrimidines	924
D-Leucic-Acid	D-Leucic-Acid	Fatty acids	924
Deoxycarnitine	Deoxycarnitine	Fatty esters	924
Dimethylarginine-A-SDMA	Dimethylarginine-A-SDMA	Amino acids and peptides	924
Dimethylglycine	Dimethylglycine	Amino acids and peptides	924
Epinephrine	Epinephrine	Tyrosine alkaloids	924
Ethanolamine	Ethanolamine	Amines	924
Ethylmalonic-acid	Ethylmalonic-acid	Fatty acids	924
FAD	FAD	Flavins	924
G6P	G6P	Monosaccharides	924
gamma-Aminobutyrate	gamma-Aminobutyrate	Fatty acids	924
Glucoronate	Glucoronate	Monosaccharides	924
Glucose	Glucose	Monosaccharides	924
Glutamic-acid	Glutamic-acid	Amino acids and peptides	924
Glutamine	Glutamine	Amino acids and peptides	924
Glutaric-Acid	Glutaric-Acid	Fatty acids	924
Glutarylcarnitine	Glutarylcarnitine	Fatty esters	924
Glycerol-3-P	Glycerol-3-P	Organic phosphoric acids	924
Glycerophosphocholine	Glycerophosphocholine	Organic phosphoric acids	924
Glycine	Glycine	Amino acids and peptides	924
Guanidinoacetate	Guanidinoacetate	Amino acids and peptides	924
Histidine	Histidine	Amino acids and peptides	924
Homoarginine	Homoarginine	Amino acids and peptides	924
Homocitrulline	Homocitrulline	Amino acids and peptides	924
Hydroxyproline	Hydroxyproline	Amino acids and peptides	924
Hypotaurine	Hypotaurine	Sulfinic acids	924
Hypoxanthine	Hypoxanthine	Purines	924
Imidazole-Propionate	Imidazole-Propionate	Histidine alkaloids	924
Indole-3-Acetic-Acid	Indole-3-Acetic-Acid	Tryptophan alkaloids	924
Indole-3-Lactate	Indole-3-Lactate	Tryptophan alkaloids	924
Indole-3-Propionate	Indole-3-Propionate	Tryptophan alkaloids	924
iso-Leucine--allo-isoLeucine	iso-Leucine--allo-isoLeucine	Unclassified metabolite	924
isoValerylcarnitine	isoValerylcarnitine	Fatty esters	924
Kynurenic-Acid	Kynurenic-Acid	Anthranilic acid alkaloids	924
L-Kynurenine	L-Kynurenine	Amino acids and peptides	924
Lactate	Lactate	ShortUnclassified metabolitechain acids	924
Leucine--D-Norleucine	Leucine--D-Norleucine	Amino acids and peptides	924
Linoleic-Acid	Linoleic-Acid	Fatty acids	924
Linolenic-Acid	Linolenic-Acid	Fatty acids	924
Lysine	Lysine	Amino acids and peptides	924
Margaric-Acid	Margaric-Acid	Fatty acids	924
Methionine	Methionine	Amino acids and peptides	924
Methionine-Sulfoxide	Methionine-Sulfoxide	Amino acids and peptides	924
N-Ac-Alanine	N-Ac-Alanine	Amino acids and peptides	924
N-Ac-Glutamate	N-Ac-Glutamate	Amino acids and peptides	924
N-Ac-L-Glutamine	N-Ac-L-Glutamine	Amino acids and peptides	924
N-Ac-Phenylalanine	N-Ac-Phenylalanine	Amino acids and peptides	924
N-Ac-Tryptophan	N-Ac-Tryptophan	Amino acids and peptides	924
N-Acetyl-Aspartate-NAA	N-Acetyl-Aspartate-NAA	Amino acids and peptides	924
N-Carbamoyl-B-Alanine	N-Carbamoyl-B-Alanine	Organonitrogen compounds	924
n-Formylmethionine	n-Formylmethionine	Amino acids and peptides	924
N2-N2-Dimethylguanosine	N2-N2-Dimethylguanosine	Purines	924
N6-Acetyl-Lysine	N6-Acetyl-Lysine	Amino acids and peptides	924
N6-Trimethyllysine	N6-Trimethyllysine	Amino acids and peptides	924
Ornithine	Ornithine	Amino acids and peptides	924
Orotate	Orotate	Pyrimidines	924
Oxalacetate	Oxalacetate	TCA acids	924
Oxidized-Glutathione	Oxidized-Glutathione	Amino acids and peptides	924
Palmitic-Acid	Palmitic-Acid	Fatty acids	924
Pantothenate	Pantothenate	Amino acids and peptides	924
Phenylacetylglutamine	Phenylacetylglutamine	Amino acids and peptides	924
Phenylalanine	Phenylalanine	Amino acids and peptides	924
Phenyllactic-Acid	Phenyllactic-Acid	Phenylpropanoids	924
PPA	PPA	Phenylpropanoids	924
Proline	Proline	Amino acids and peptides	924
Pseudouridine	Pseudouridine	Pyrimidines	924
Pyroglutamic-Acid	Pyroglutamic-Acid	Amino acids and peptides	924
Pyruvate	Pyruvate	ShortUnclassified metabolitechain acids	924
Reduced-Glutathione	Reduced-Glutathione	Amino acids and peptides	924
Riboflavin	Riboflavin	Alloxazines and isoalloxazines	924
S-Methylcysteine	S-Methylcysteine	Amino acids and peptides	924
SAH	SAH	Purines	924
Sarcosine	Sarcosine	Amino acids and peptides	924
Serine	Serine	Amino acids and peptides	924
Suberic-Acid	Suberic-Acid	Fatty acids	924
Succinate	Succinate	TCA acids	924
Succinylcarnitine	Succinylcarnitine	Fatty esters	924
Taurine	Taurine	Sulfonic acids	924
Thiamine	Thiamine	Pyrimidines	924
Threonine	Threonine	Amino acids and peptides	924
Trigonelline	Trigonelline	Pyridine alkaloids	924
Trimethylamine-N-Oxide-TMAO	Trimethylamine-N-Oxide-TMAO	Amine oxides	924
Tryptophan	Tryptophan	Amino acids and peptides	924
Tyrosine	Tyrosine	Amino acids and peptides	924
Uracil	Uracil	Pyrimidines	924
Valine	Valine	Amino acids and peptides	924
Xanthine	Xanthine	Purines	924
